[
  {
    "Ticker": "AAPL",
    "RSI": 25.09,
    "RSI_30이하": "✅",
    "RSI_30초과_35이하": "",
    "최근7일내_RSI30이하": "🕐",
    "PER": 34.721554,
    "PER(예상)": 28.341707,
    "PBR": 51.967537,
    "ROE": 1.7142199,
    "EPS": 7.47,
    "EPS(예상)": 9.15153
  },
  {
    "Ticker": "MSFT",
    "RSI": 45.59,
    "RSI_30이하": "",
    "RSI_30초과_35이하": "",
    "최근7일내_RSI30이하": "",
    "PER": 34.136753,
    "PER(예상)": 25.571993,
    "PBR": 9.813268,
    "ROE": 0.32241002,
    "EPS": 14.04,
    "EPS(예상)": 18.74238
  },
  {
    "Ticker": "AMZN",
    "RSI": 69.68,
    "RSI_30이하": "",
    "RSI_30초과_35이하": "",
    "최근7일내_RSI30이하": "",
    "PER": 34.934605,
    "PER(예상)": 31.457567,
    "PBR": 7.151155,
    "ROE": 0.24327,
    "EPS": 7.08,
    "EPS(예상)": 7.86256
  },
  {
    "Ticker": "GOOGL",
    "RSI": 68.79,
    "RSI_30이하": "",
    "RSI_30초과_35이하": "",
    "최근7일내_RSI30이하": "",
    "PER": 32.467392,
    "PER(예상)": 29.201004,
    "PBR": 10.257235,
    "ROE": 0.3545,
    "EPS": 10.12,
    "EPS(예상)": 11.25201
  },
  {
    "Ticker": "META",
    "RSI": 50.67,
    "RSI_30이하": "",
    "RSI_30초과_35이하": "",
    "최근7일내_RSI30이하": "",
    "PER": 28.89646,
    "PER(예상)": 21.46915,
    "PBR": 8.483501,
    "ROE": 0.32643002,
    "EPS": 22.6,
    "EPS(예상)": 30.41853
  },
  {
    "Ticker": "NVDA",
    "RSI": 49.0,
    "RSI_30이하": "",
    "RSI_30초과_35이하": "",
    "최근7일내_RSI30이하": "",
    "PER": 45.6358,
    "PER(예상)": 24.364536,
    "PBR": 37.78107,
    "ROE": 1.07359,
    "EPS": 4.05,
    "EPS(예상)": 7.58582
  },
  {
    "Ticker": "TSLA",
    "RSI": 47.26,
    "RSI_30이하": "",
    "RSI_30초과_35이하": "",
    "최근7일내_RSI30이하": "",
    "PER": 302.7279,
    "PER(예상)": 203.83104,
    "PBR": 18.497381,
    "ROE": 0.06791,
    "EPS": 1.47,
    "EPS(예상)": 2.18323
  },
  {
    "Ticker": "BRK-B",
    "RSI": 48.61,
    "RSI_30이하": "",
    "RSI_30초과_35이하": "",
    "최근7일내_RSI30이하": "",
    "PER": 15.950783,
    "PER(예상)": 20.631804,
    "PBR": 0.0010284904,
    "ROE": 0.1017,
    "EPS": 31.29,
    "EPS(예상)": 24.19081
  },
  {
    "Ticker": "JPM",
    "RSI": 58.35,
    "RSI_30이하": "",
    "RSI_30초과_35이하": "",
    "최근7일내_RSI30이하": "",
    "PER": 16.312685,
    "PER(예상)": 15.659808,
    "PBR": 2.6344264,
    "ROE": 0.16437,
    "EPS": 20.18,
    "EPS(예상)": 21.02133
  },
  {
    "Ticker": "JNJ",
    "RSI": 47.39,
    "RSI_30이하": "",
    "RSI_30초과_35이하": "",
    "최근7일내_RSI30이하": "",
    "PER": 19.766924,
    "PER(예상)": 17.755196,
    "PBR": 6.2036,
    "ROE": 0.33619,
    "EPS": 10.34,
    "EPS(예상)": 11.51156
  },
  {
    "Ticker": "V",
    "RSI": 54.12,
    "RSI_30이하": "",
    "RSI_30초과_35이하": "",
    "최근7일내_RSI30이하": "",
    "PER": 34.25759,
    "PER(예상)": 24.254278,
    "PBR": 18.046125,
    "ROE": 0.52068,
    "EPS": 10.21,
    "EPS(예상)": 14.42096
  },
  {
    "Ticker": "PG",
    "RSI": 46.14,
    "RSI_30이하": "",
    "RSI_30초과_35이하": "",
    "최근7일내_RSI30이하": "",
    "PER": 20.710949,
    "PER(예상)": 19.346128,
    "PBR": 6.3145947,
    "ROE": 0.31902,
    "EPS": 6.85,
    "EPS(예상)": 7.33325
  },
  {
    "Ticker": "UNH",
    "RSI": 59.16,
    "RSI_30이하": "",
    "RSI_30초과_35이하": "",
    "최근7일내_RSI30이하": "",
    "PER": 17.924961,
    "PER(예상)": 19.37517,
    "PBR": 3.2535353,
    "ROE": 0.17476,
    "EPS": 19.19,
    "EPS(예상)": 17.75365
  },
  {
    "Ticker": "MA",
    "RSI": 57.36,
    "RSI_30이하": "",
    "RSI_30초과_35이하": "",
    "최근7일내_RSI30이하": "",
    "PER": 36.77572,
    "PER(예상)": 30.11282,
    "PBR": 65.543785,
    "ROE": 1.8486099,
    "EPS": 15.65,
    "EPS(예상)": 19.11279
  },
  {
    "Ticker": "HD",
    "RSI": 69.01,
    "RSI_30이하": "",
    "RSI_30초과_35이하": "",
    "최근7일내_RSI30이하": "",
    "PER": 25.572699,
    "PER(예상)": 24.81847,
    "PBR": 30.7662,
    "ROE": 1.62909,
    "EPS": 14.65,
    "EPS(예상)": 15.09521
  },
  {
    "Ticker": "BAC",
    "RSI": 54.89,
    "RSI_30이하": "",
    "RSI_30초과_35이하": "",
    "최근7일내_RSI30이하": "",
    "PER": 15.2595625,
    "PER(예상)": 12.838106,
    "PBR": 1.4716344,
    "ROE": 0.09871,
    "EPS": 3.66,
    "EPS(예상)": 4.35033
  },
  {
    "Ticker": "DIS",
    "RSI": 62.12,
    "RSI_30이하": "",
    "RSI_30초과_35이하": "",
    "최근7일내_RSI30이하": "",
    "PER": 16.916788,
    "PER(예상)": 15.770191,
    "PBR": 1.8889884,
    "ROE": 0.12203,
    "EPS": 6.85,
    "EPS(예상)": 7.34804
  },
  {
    "Ticker": "PYPL",
    "RSI": 34.69,
    "RSI_30이하": "",
    "RSI_30초과_35이하": "⚠️",
    "최근7일내_RSI30이하": "",
    "PER": 11.578313,
    "PER(예상)": 9.957328,
    "PBR": 2.6863585,
    "ROE": 0.24358,
    "EPS": 4.98,
    "EPS(예상)": 5.79071
  },
  {
    "Ticker": "ADBE",
    "RSI": 41.96,
    "RSI_30이하": "",
    "RSI_30초과_35이하": "",
    "최근7일내_RSI30이하": "",
    "PER": 19.997005,
    "PER(예상)": 12.678398,
    "PBR": 11.98113,
    "ROE": 0.55426,
    "EPS": 16.7,
    "EPS(예상)": 26.34008
  },
  {
    "Ticker": "NFLX",
    "RSI": 26.01,
    "RSI_30이하": "✅",
    "RSI_30초과_35이하": "",
    "최근7일내_RSI30이하": "🕐",
    "PER": 37.26533,
    "PER(예상)": 27.591686,
    "PBR": 14.601926,
    "ROE": 0.42861,
    "EPS": 2.4,
    "EPS(예상)": 3.24144
  },
  {
    "Ticker": "INTC",
    "RSI": 71.93,
    "RSI_30이하": "",
    "RSI_30초과_35이하": "",
    "최근7일내_RSI30이하": "",
    "PER": 759.1667,
    "PER(예상)": 76.78562,
    "PBR": 2.0407705,
    "ROE": 0.0018600001,
    "EPS": 0.06,
    "EPS(예상)": 0.59321
  },
  {
    "Ticker": "CMCSA",
    "RSI": 62.82,
    "RSI_30이하": "",
    "RSI_30초과_35이하": "",
    "최근7일내_RSI30이하": "",
    "PER": 4.7126245,
    "PER(예상)": 7.2724943,
    "PBR": 1.0679466,
    "ROE": 0.24186,
    "EPS": 6.02,
    "EPS(예상)": 3.901
  },
  {
    "Ticker": "XOM",
    "RSI": 61.02,
    "RSI_30이하": "",
    "RSI_30초과_35이하": "",
    "최근7일내_RSI30이하": "",
    "PER": 18.111917,
    "PER(예상)": 17.787022,
    "PBR": 2.0168,
    "ROE": 0.11424,
    "EPS": 6.88,
    "EPS(예상)": 7.00567
  },
  {
    "Ticker": "VZ",
    "RSI": 49.97,
    "RSI_30이하": "",
    "RSI_30초과_35이하": "",
    "최근7일내_RSI30이하": "",
    "PER": 8.626865,
    "PER(예상)": 8.4410715,
    "PBR": 1.6240517,
    "ROE": 0.19875,
    "EPS": 4.69,
    "EPS(예상)": 4.79323
  },
  {
    "Ticker": "T",
    "RSI": 37.71,
    "RSI_30이하": "",
    "RSI_30초과_35이하": "",
    "최근7일내_RSI30이하": "",
    "PER": 7.8143325,
    "PER(예상)": 10.75563,
    "PBR": 1.5404867,
    "ROE": 0.19139999,
    "EPS": 3.07,
    "EPS(예상)": 2.23046
  },
  {
    "Ticker": "KO",
    "RSI": 54.6,
    "RSI_30이하": "",
    "RSI_30초과_35이하": "",
    "최근7일내_RSI30이하": "🕐",
    "PER": 23.347683,
    "PER(예상)": 21.887728,
    "PBR": 9.70811,
    "ROE": 0.42442,
    "EPS": 3.02,
    "EPS(예상)": 3.22144
  },
  {
    "Ticker": "PFE",
    "RSI": 54.66,
    "RSI_30이하": "",
    "RSI_30초과_35이하": "",
    "최근7일내_RSI30이하": "",
    "PER": 14.813953,
    "PER(예상)": 8.539417,
    "PBR": 1.5611789,
    "ROE": 0.105979994,
    "EPS": 1.72,
    "EPS(예상)": 2.98381
  },
  {
    "Ticker": "CSCO",
    "RSI": 32.67,
    "RSI_30이하": "",
    "RSI_30초과_35이하": "⚠️",
    "최근7일내_RSI30이하": "",
    "PER": 28.525097,
    "PER(예상)": 16.518171,
    "PBR": 6.2068386,
    "ROE": 0.22418,
    "EPS": 2.59,
    "EPS(예상)": 4.47265
  },
  {
    "Ticker": "PEP",
    "RSI": 36.79,
    "RSI_30이하": "",
    "RSI_30초과_35이하": "",
    "최근7일내_RSI30이하": "🕐",
    "PER": 26.59886,
    "PER(예상)": 16.335543,
    "PBR": 9.879254,
    "ROE": 0.37162,
    "EPS": 5.26,
    "EPS(예상)": 8.56476
  },
  {
    "Ticker": "ABBV",
    "RSI": 42.72,
    "RSI_30이하": "",
    "RSI_30초과_35이하": "",
    "최근7일내_RSI30이하": "",
    "PER": 166.72726,
    "PER(예상)": 15.455816,
    "PBR": -147.21071,
    "ROE": 1.37961,
    "EPS": 1.32,
    "EPS(예상)": 14.2393
  },
  {
    "Ticker": "ABT",
    "RSI": 50.42,
    "RSI_30이하": "",
    "RSI_30초과_35이하": "",
    "최근7일내_RSI30이하": "",
    "PER": 15.819096,
    "PER(예상)": 22.17897,
    "PBR": 4.297171,
    "ROE": 0.3062,
    "EPS": 7.96,
    "EPS(예상)": 5.67745
  },
  {
    "Ticker": "CRM",
    "RSI": 53.18,
    "RSI_30이하": "",
    "RSI_30초과_35이하": "",
    "최근7일내_RSI30이하": "",
    "PER": 34.70494,
    "PER(예상)": 19.81484,
    "PBR": 4.0796022,
    "ROE": 0.12184,
    "EPS": 7.49,
    "EPS(예상)": 13.11845
  },
  {
    "Ticker": "CVX",
    "RSI": 64.33,
    "RSI_30이하": "",
    "RSI_30초과_35이하": "",
    "최근7일내_RSI30이하": "",
    "PER": 22.76826,
    "PER(예상)": 22.051102,
    "PBR": 1.7193798,
    "ROE": 0.07316,
    "EPS": 7.12,
    "EPS(예상)": 7.35156
  },
  {
    "Ticker": "WMT",
    "RSI": 58.94,
    "RSI_30이하": "",
    "RSI_30초과_35이하": "",
    "최근7일내_RSI30이하": "",
    "PER": 40.045456,
    "PER(예상)": 38.4374,
    "PBR": 9.5014105,
    "ROE": 0.23661,
    "EPS": 2.86,
    "EPS(예상)": 2.97965
  },
  {
    "Ticker": "MCD",
    "RSI": 48.62,
    "RSI_30이하": "",
    "RSI_30초과_35이하": "",
    "최근7일내_RSI30이하": "",
    "PER": 26.244236,
    "PER(예상)": 23.203,
    "PBR": -101.19197,
    "ROE": null,
    "EPS": 11.71,
    "EPS(예상)": 13.24484
  },
  {
    "Ticker": "NKE",
    "RSI": 57.83,
    "RSI_30이하": "",
    "RSI_30초과_35이하": "",
    "최근7일내_RSI30이하": "",
    "PER": 38.549706,
    "PER(예상)": 28.33599,
    "PBR": 6.9258246,
    "ROE": 0.17950001,
    "EPS": 1.71,
    "EPS(예상)": 2.32637
  },
  {
    "Ticker": "DHR",
    "RSI": 67.41,
    "RSI_30이하": "",
    "RSI_30초과_35이하": "",
    "최근7일내_RSI30이하": "",
    "PER": 49.04732,
    "PER(예상)": 28.303389,
    "PBR": 3.2965922,
    "ROE": 0.06843,
    "EPS": 4.86,
    "EPS(예상)": 8.42196
  },
  {
    "Ticker": "TXN",
    "RSI": 66.87,
    "RSI_30이하": "",
    "RSI_30초과_35이하": "",
    "최근7일내_RSI30이하": "",
    "PER": 34.7281,
    "PER(예상)": 31.1084,
    "PBR": 10.404002,
    "ROE": 0.29757,
    "EPS": 5.48,
    "EPS(예상)": 6.11764
  },
  {
    "Ticker": "LLY",
    "RSI": 51.35,
    "RSI_30이하": "",
    "RSI_30초과_35이하": "",
    "최근7일내_RSI30이하": "",
    "PER": 52.084232,
    "PER(예상)": 32.34483,
    "PBR": 40.04368,
    "ROE": 0.9647,
    "EPS": 20.42,
    "EPS(예상)": 32.88192
  },
  {
    "Ticker": "MDT",
    "RSI": 46.77,
    "RSI_30이하": "",
    "RSI_30초과_35이하": "",
    "최근7일내_RSI30이하": "",
    "PER": 26.430893,
    "PER(예상)": 15.959404,
    "PBR": 2.5698926,
    "ROE": 0.09822,
    "EPS": 3.69,
    "EPS(예상)": 6.11113
  },
  {
    "Ticker": "NEE",
    "RSI": 43.18,
    "RSI_30이하": "",
    "RSI_30초과_35이하": "",
    "최근7일내_RSI30이하": "",
    "PER": 25.361904,
    "PER(예상)": 19.912167,
    "PBR": 3.0708025,
    "ROE": 0.08236,
    "EPS": 3.15,
    "EPS(예상)": 4.01212
  },
  {
    "Ticker": "BMY",
    "RSI": 65.5,
    "RSI_30이하": "",
    "RSI_30초과_35이하": "",
    "최근7일내_RSI30이하": "",
    "PER": 18.80808,
    "PER(예상)": 9.285394,
    "PBR": 6.1303773,
    "ROE": 0.33777002,
    "EPS": 2.97,
    "EPS(예상)": 6.0159
  },
  {
    "Ticker": "COST",
    "RSI": 67.13,
    "RSI_30이하": "",
    "RSI_30초과_35이하": "",
    "최근7일내_RSI30이하": "",
    "PER": 49.511776,
    "PER(예상)": 41.63701,
    "PBR": 13.548973,
    "ROE": 0.30325,
    "EPS": 18.68,
    "EPS(예상)": 22.21293
  },
  {
    "Ticker": "LIN",
    "RSI": 73.56,
    "RSI_30이하": "",
    "RSI_30초과_35이하": "",
    "최근7일내_RSI30이하": "",
    "PER": 29.764074,
    "PER(예상)": 24.908167,
    "PBR": 5.3698354,
    "ROE": 0.17979999,
    "EPS": 14.92,
    "EPS(예상)": 17.82869
  },
  {
    "Ticker": "QCOM",
    "RSI": 54.17,
    "RSI_30이하": "",
    "RSI_30초과_35이하": "",
    "최근7일내_RSI30이하": "",
    "PER": 35.485027,
    "PER(예상)": 14.34148,
    "PBR": 9.003798,
    "ROE": 0.2334,
    "EPS": 5.01,
    "EPS(예상)": 12.39621
  },
  {
    "Ticker": "PM",
    "RSI": 60.87,
    "RSI_30이하": "",
    "RSI_30초과_35이하": "",
    "최근7일내_RSI30이하": "",
    "PER": 23.196861,
    "PER(예상)": 19.50443,
    "PBR": -23.193552,
    "ROE": null,
    "EPS": 7.01,
    "EPS(예상)": 8.33708
  },
  {
    "Ticker": "AMGN",
    "RSI": 47.14,
    "RSI_30이하": "",
    "RSI_30초과_35이하": "",
    "최근7일내_RSI30이하": "",
    "PER": 25.181469,
    "PER(예상)": 14.836209,
    "PBR": 18.255611,
    "ROE": 0.8171,
    "EPS": 12.95,
    "EPS(예상)": 21.98001
  },
  {
    "Ticker": "UPS",
    "RSI": 77.95,
    "RSI_30이하": "",
    "RSI_30초과_35이하": "",
    "최근7일내_RSI30이하": "",
    "PER": 16.7017,
    "PER(예상)": 15.121027,
    "PBR": 5.791307,
    "ROE": 0.33618,
    "EPS": 6.47,
    "EPS(예상)": 7.14634
  },
  {
    "Ticker": "IBM",
    "RSI": 52.14,
    "RSI_30이하": "",
    "RSI_30초과_35이하": "",
    "최근7일내_RSI30이하": "",
    "PER": 36.216667,
    "PER(예상)": 24.905525,
    "PBR": 10.1906,
    "ROE": 0.30156,
    "EPS": 8.4,
    "EPS(예상)": 12.21496
  },
  {
    "Ticker": "UNP",
    "RSI": 44.03,
    "RSI_30이하": "",
    "RSI_30초과_35이하": "",
    "최근7일내_RSI30이하": "",
    "PER": 19.375742,
    "PER(예상)": 18.099234,
    "PBR": 7.83026,
    "ROE": 0.41619,
    "EPS": 11.79,
    "EPS(예상)": 12.62153
  },
  {
    "Ticker": "RTX",
    "RSI": 62.84,
    "RSI_30이하": "",
    "RSI_30초과_35이하": "",
    "최근7일내_RSI30이하": "",
    "PER": 38.786007,
    "PER(예상)": 27.974083,
    "PBR": 3.9175344,
    "ROE": 0.10702,
    "EPS": 4.86,
    "EPS(예상)": 6.73838
  },
  {
    "Ticker": "HON",
    "RSI": 66.13,
    "RSI_30이하": "",
    "RSI_30초과_35이하": "",
    "최근7일내_RSI30이하": "",
    "PER": 21.875528,
    "PER(예상)": 19.646332,
    "PBR": 7.845496,
    "ROE": 0.34616002,
    "EPS": 9.48,
    "EPS(예상)": 10.55566
  },
  {
    "Ticker": "LOW",
    "RSI": 75.8,
    "RSI_30이하": "",
    "RSI_30초과_35이하": "",
    "최근7일내_RSI30이하": "",
    "PER": 22.120033,
    "PER(예상)": 20.589664,
    "PBR": -14.4391,
    "ROE": null,
    "EPS": 12.08,
    "EPS(예상)": 12.97787
  },
  {
    "Ticker": "INTU",
    "RSI": 44.84,
    "RSI_30이하": "",
    "RSI_30초과_35이하": "",
    "최근7일내_RSI30이하": "",
    "PER": 44.429947,
    "PER(예상)": 24.489141,
    "PBR": 9.324416,
    "ROE": 0.21987,
    "EPS": 14.56,
    "EPS(예상)": 26.41579
  },
  {
    "Ticker": "SBUX",
    "RSI": 58.41,
    "RSI_30이하": "",
    "RSI_30초과_35이하": "",
    "최근7일내_RSI30이하": "",
    "PER": 54.527607,
    "PER(예상)": 29.666815,
    "PBR": -12.47964,
    "ROE": null,
    "EPS": 1.63,
    "EPS(예상)": 2.99594
  },
  {
    "Ticker": "GS",
    "RSI": 65.5,
    "RSI_30이하": "",
    "RSI_30초과_35이하": "",
    "최근7일내_RSI30이하": "",
    "PER": 19.084959,
    "PER(예상)": 16.857702,
    "PBR": 2.698071,
    "ROE": 0.13532,
    "EPS": 49.2,
    "EPS(예상)": 55.70035
  },
  {
    "Ticker": "BLK",
    "RSI": 51.62,
    "RSI_30이하": "",
    "RSI_30초과_35이하": "",
    "최근7일내_RSI30이하": "",
    "PER": 27.930502,
    "PER(예상)": 20.318771,
    "PBR": 3.0318525,
    "ROE": 0.120740004,
    "EPS": 38.85,
    "EPS(예상)": 53.40382
  },
  {
    "Ticker": "CAT",
    "RSI": 60.58,
    "RSI_30이하": "",
    "RSI_30초과_35이하": "",
    "최근7일내_RSI30이하": "",
    "PER": 31.737925,
    "PER(예상)": 27.588676,
    "PBR": 13.991345,
    "ROE": 0.46283,
    "EPS": 19.46,
    "EPS(예상)": 22.38672
  },
  {
    "Ticker": "ISRG",
    "RSI": 59.14,
    "RSI_30이하": "",
    "RSI_30초과_35이하": "",
    "최근7일내_RSI30이하": "",
    "PER": 77.544975,
    "PER(예상)": 60.096912,
    "PBR": 12.289373,
    "ROE": 0.16902,
    "EPS": 7.56,
    "EPS(예상)": 9.75491
  },
  {
    "Ticker": "CVS",
    "RSI": 56.4,
    "RSI_30이하": "",
    "RSI_30초과_35이하": "",
    "최근7일내_RSI30이하": "",
    "PER": 211.3158,
    "PER(예상)": 11.205585,
    "PBR": 1.39837,
    "ROE": 0.0057800002,
    "EPS": 0.38,
    "EPS(예상)": 7.16607
  },
  {
    "Ticker": "ADP",
    "RSI": 61.59,
    "RSI_30이하": "",
    "RSI_30초과_35이하": "",
    "최근7일내_RSI30이하": "",
    "PER": 26.234713,
    "PER(예상)": 22.269846,
    "PBR": 16.898743,
    "ROE": 0.70572996,
    "EPS": 10.14,
    "EPS(예상)": 11.9453
  },
  {
    "Ticker": "FIS",
    "RSI": 52.67,
    "RSI_30이하": "",
    "RSI_30초과_35이하": "",
    "최근7일내_RSI30이하": "",
    "PER": 208.875,
    "PER(예상)": 10.56086,
    "PBR": 2.5030894,
    "ROE": 0.011829999,
    "EPS": 0.32,
    "EPS(예상)": 6.32903
  },
  {
    "Ticker": "SCHW",
    "RSI": 54.39,
    "RSI_30이하": "",
    "RSI_30초과_35이하": "",
    "최근7일내_RSI30이하": "",
    "PER": 23.459017,
    "PER(예상)": 17.605621,
    "PBR": 4.1991196,
    "ROE": 0.17046,
    "EPS": 4.27,
    "EPS(예상)": 5.68966
  },
  {
    "Ticker": "GILD",
    "RSI": 46.92,
    "RSI_30이하": "",
    "RSI_30초과_35이하": "",
    "최근7일내_RSI30이하": "",
    "PER": 18.775194,
    "PER(예상)": 13.805824,
    "PBR": 6.982644,
    "ROE": 0.40706003,
    "EPS": 6.45,
    "EPS(예상)": 8.77166
  },
  {
    "Ticker": "DE",
    "RSI": 56.61,
    "RSI_30이하": "",
    "RSI_30초과_35이하": "",
    "최근7일내_RSI30이하": "",
    "PER": 26.382702,
    "PER(예상)": 21.687239,
    "PBR": 5.084908,
    "ROE": 0.20427999,
    "EPS": 18.5,
    "EPS(예상)": 22.5054
  },
  {
    "Ticker": "ZTS",
    "RSI": 58.67,
    "RSI_30이하": "",
    "RSI_30초과_35이하": "",
    "최근7일내_RSI30이하": "",
    "PER": 21.40909,
    "PER(예상)": 18.734035,
    "PBR": 10.400752,
    "ROE": 0.49868,
    "EPS": 5.94,
    "EPS(예상)": 6.78818
  },
  {
    "Ticker": "SPGI",
    "RSI": 69.3,
    "RSI_30이하": "",
    "RSI_30초과_35이하": "",
    "최근7일내_RSI30이하": "",
    "PER": 39.35657,
    "PER(예상)": 27.254751,
    "PBR": 4.962548,
    "ROE": 0.119940005,
    "EPS": 13.77,
    "EPS(예상)": 19.88424
  },
  {
    "Ticker": "TMUS",
    "RSI": 48.75,
    "RSI_30이하": "",
    "RSI_30초과_35이하": "",
    "최근7일내_RSI30이하": "",
    "PER": 19.303175,
    "PER(예상)": 16.306168,
    "PBR": 3.7093344,
    "ROE": 0.19034,
    "EPS": 10.39,
    "EPS(예상)": 12.29964
  },
  {
    "Ticker": "CB",
    "RSI": 49.17,
    "RSI_30이하": "",
    "RSI_30초과_35이하": "",
    "최근7일내_RSI30이하": "",
    "PER": 12.821145,
    "PER(예상)": 11.675928,
    "PBR": 1.6837062,
    "ROE": 0.1364,
    "EPS": 23.93,
    "EPS(예상)": 26.27714
  },
  {
    "Ticker": "BDX",
    "RSI": 61.07,
    "RSI_30이하": "",
    "RSI_30초과_35이하": "",
    "최근7일내_RSI30이하": "",
    "PER": 34.83677,
    "PER(예상)": 12.767199,
    "PBR": 2.279063,
    "ROE": 0.06544,
    "EPS": 5.82,
    "EPS(예상)": 15.88054
  },
  {
    "Ticker": "LMT",
    "RSI": 72.36,
    "RSI_30이하": "",
    "RSI_30초과_35이하": "",
    "최근7일내_RSI30이하": "",
    "PER": 30.212576,
    "PER(예상)": 18.717854,
    "PBR": 20.202425,
    "ROE": 0.62776,
    "EPS": 17.97,
    "EPS(예상)": 29.00546
  },
  {
    "Ticker": "SYK",
    "RSI": 63.15,
    "RSI_30이하": "",
    "RSI_30초과_35이하": "",
    "최근7일내_RSI30이하": "",
    "PER": 48.296978,
    "PER(예상)": 24.603739,
    "PBR": 6.451919,
    "ROE": 0.14036,
    "EPS": 7.61,
    "EPS(예상)": 14.93838
  },
  {
    "Ticker": "PLD",
    "RSI": 55.7,
    "RSI_30이하": "",
    "RSI_30초과_35이하": "",
    "최근7일내_RSI30이하": "",
    "PER": 37.616276,
    "PER(예상)": 44.910126,
    "PBR": 2.285815,
    "ROE": 0.05963,
    "EPS": 3.44,
    "EPS(예상)": 2.88131
  },
  {
    "Ticker": "MO",
    "RSI": 50.04,
    "RSI_30이하": "",
    "RSI_30초과_35이하": "",
    "최근7일내_RSI30이하": "🕐",
    "PER": 10.979008,
    "PER(예상)": 10.290028,
    "PBR": -36.503807,
    "ROE": null,
    "EPS": 5.24,
    "EPS(예상)": 5.59085
  },
  {
    "Ticker": "CCI",
    "RSI": 28.04,
    "RSI_30이하": "✅",
    "RSI_30초과_35이하": "",
    "최근7일내_RSI30이하": "🕐",
    "PER": null,
    "PER(예상)": 24.358078,
    "PBR": -24.37937,
    "ROE": -2.06679,
    "EPS": -9.05,
    "EPS(예상)": 3.435
  },
  {
    "Ticker": "NOW",
    "RSI": 27.67,
    "RSI_30이하": "✅",
    "RSI_30초과_35이하": "",
    "최근7일내_RSI30이하": "🕐",
    "PER": 85.42169,
    "PER(예상)": 34.79857,
    "PBR": 13.022316,
    "ROE": 0.16813,
    "EPS": 1.66,
    "EPS(예상)": 4.07488
  },
  {
    "Ticker": "VRTX",
    "RSI": 55.67,
    "RSI_30이하": "",
    "RSI_30초과_35이하": "",
    "최근7일내_RSI30이하": "",
    "PER": 32.689217,
    "PER(예상)": 22.952072,
    "PBR": 6.8017654,
    "ROE": 0.22307,
    "EPS": 14.19,
    "EPS(예상)": 20.20994
  },
  {
    "Ticker": "CI",
    "RSI": 54.67,
    "RSI_30이하": "",
    "RSI_30초과_35이하": "",
    "최근7일내_RSI30이하": "",
    "PER": 12.348385,
    "PER(예상)": 9.157007,
    "PBR": 1.7789272,
    "ROE": 0.15538,
    "EPS": 22.59,
    "EPS(예상)": 30.46301
  },
  {
    "Ticker": "DUK",
    "RSI": 45.64,
    "RSI_30이하": "",
    "RSI_30초과_35이하": "",
    "최근7일내_RSI30이하": "",
    "PER": 18.393702,
    "PER(예상)": 17.429897,
    "PBR": 1.7998027,
    "ROE": 0.09905,
    "EPS": 6.35,
    "EPS(예상)": 6.70113
  },
  {
    "Ticker": "EL",
    "RSI": 68.69,
    "RSI_30이하": "",
    "RSI_30초과_35이하": "",
    "최근7일내_RSI30이하": "",
    "PER": null,
    "PER(예상)": 38.775074,
    "PBR": 10.535434,
    "ROE": -0.20727,
    "EPS": -2.59,
    "EPS(예상)": 2.93307
  },
  {
    "Ticker": "SO",
    "RSI": 48.66,
    "RSI_30이하": "",
    "RSI_30초과_35이하": "",
    "최근7일내_RSI30이하": "",
    "PER": 21.64428,
    "PER(예상)": 19.006199,
    "PBR": 2.7371964,
    "ROE": 0.11429,
    "EPS": 4.02,
    "EPS(예상)": 4.57798
  },
  {
    "Ticker": "TGT",
    "RSI": 70.66,
    "RSI_30이하": "",
    "RSI_30초과_35이하": "",
    "최근7일내_RSI30이하": "",
    "PER": 12.790302,
    "PER(예상)": 13.704127,
    "PBR": 3.0823157,
    "ROE": 0.25094998,
    "EPS": 8.25,
    "EPS(예상)": 7.69987
  },
  {
    "Ticker": "ICE",
    "RSI": 61.89,
    "RSI_30이하": "",
    "RSI_30초과_35이하": "",
    "최근7일내_RSI30이하": "",
    "PER": 30.233152,
    "PER(예상)": 22.139875,
    "PBR": 3.3028874,
    "ROE": 0.114930004,
    "EPS": 5.49,
    "EPS(예상)": 7.49688
  },
  {
    "Ticker": "GM",
    "RSI": 59.7,
    "RSI_30이하": "",
    "RSI_30초과_35이하": "",
    "최근7일내_RSI30이하": "",
    "PER": 15.814887,
    "PER(예상)": 7.065689,
    "PBR": 1.1648862,
    "ROE": 0.04442,
    "EPS": 5.24,
    "EPS(예상)": 11.72851
  },
  {
    "Ticker": "MET",
    "RSI": 48.35,
    "RSI_30이하": "",
    "RSI_30초과_35이하": "",
    "최근7일내_RSI30이하": "",
    "PER": 14.954803,
    "PER(예상)": 8.02409,
    "PBR": 1.8127655,
    "ROE": 0.12798001,
    "EPS": 5.31,
    "EPS(예상)": 9.89645
  },
  {
    "Ticker": "APD",
    "RSI": 66.23,
    "RSI_30이하": "",
    "RSI_30초과_35이하": "",
    "최근7일내_RSI30이하": "",
    "PER": null,
    "PER(예상)": 19.076775,
    "PBR": 3.9069052,
    "ROE": -0.01923,
    "EPS": -1.74,
    "EPS(예상)": 13.82414
  },
  {
    "Ticker": "F",
    "RSI": 66.27,
    "RSI_30이하": "",
    "RSI_30초과_35이하": "",
    "최근7일내_RSI30이하": "",
    "PER": 12.136752,
    "PER(예상)": 9.608228,
    "PBR": 1.1938792,
    "ROE": 0.10295,
    "EPS": 1.17,
    "EPS(예상)": 1.4779
  },
  {
    "Ticker": "EW",
    "RSI": 49.48,
    "RSI_30이하": "",
    "RSI_30초과_35이하": "",
    "최근7일내_RSI30이하": "",
    "PER": 37.33772,
    "PER(예상)": 29.641571,
    "PBR": 4.844088,
    "ROE": 0.13492,
    "EPS": 2.28,
    "EPS(예상)": 2.87198
  },
  {
    "Ticker": "CSX",
    "RSI": 37.75,
    "RSI_30이하": "",
    "RSI_30초과_35이하": "",
    "최근7일내_RSI30이하": "",
    "PER": 22.857143,
    "PER(예상)": 18.631634,
    "PBR": 5.1394367,
    "ROE": 0.22589001,
    "EPS": 1.54,
    "EPS(예상)": 1.88926
  },
  {
    "Ticker": "GD",
    "RSI": 58.15,
    "RSI_30이하": "",
    "RSI_30초과_35이하": "",
    "최근7일내_RSI30이하": "",
    "PER": 22.935192,
    "PER(예상)": 20.532871,
    "PBR": 3.9064157,
    "ROE": 0.17782,
    "EPS": 15.43,
    "EPS(예상)": 17.23529
  },
  {
    "Ticker": "AON",
    "RSI": 49.82,
    "RSI_30이하": "",
    "RSI_30초과_35이하": "",
    "최근7일내_RSI30이하": "",
    "PER": 28.08647,
    "PER(예상)": 18.434498,
    "PBR": 9.509094,
    "ROE": 0.3769,
    "EPS": 12.49,
    "EPS(예상)": 19.02954
  },
  {
    "Ticker": "ECL",
    "RSI": 61.96,
    "RSI_30이하": "",
    "RSI_30초과_35이하": "",
    "최근7일내_RSI30이하": "",
    "PER": 39.041668,
    "PER(예상)": 32.02343,
    "PBR": 11.583682,
    "ROE": 0.21869,
    "EPS": 6.96,
    "EPS(예상)": 8.48535
  },
  {
    "Ticker": "NSC",
    "RSI": 45.27,
    "RSI_30이하": "",
    "RSI_30초과_35이하": "",
    "최근7일내_RSI30이하": "",
    "PER": 21.924427,
    "PER(예상)": 22.111088,
    "PBR": 4.2564135,
    "ROE": 0.2048,
    "EPS": 13.1,
    "EPS(예상)": 12.98941
  },
  {
    "Ticker": "MCO",
    "RSI": 67.78,
    "RSI_30이하": "",
    "RSI_30초과_35이하": "",
    "최근7일내_RSI30이하": "",
    "PER": 42.733925,
    "PER(예상)": 32.336765,
    "PBR": 23.966908,
    "ROE": 0.54914004,
    "EPS": 12.44,
    "EPS(예상)": 16.4398
  },
  {
    "Ticker": "CL",
    "RSI": 62.05,
    "RSI_30이하": "",
    "RSI_30초과_35이하": "",
    "최근7일내_RSI30이하": "",
    "PER": 22.82353,
    "PER(예상)": 21.221292,
    "PBR": 76.72317,
    "ROE": 2.93635,
    "EPS": 3.57,
    "EPS(예상)": 3.83954
  },
  {
    "Ticker": "ITW",
    "RSI": 56.82,
    "RSI_30이하": "",
    "RSI_30초과_35이하": "",
    "최근7일내_RSI30이하": "",
    "PER": 24.744905,
    "PER(예상)": 22.596207,
    "PBR": 23.07108,
    "ROE": 0.91683,
    "EPS": 10.31,
    "EPS(예상)": 11.29039
  },
  {
    "Ticker": "SHW",
    "RSI": 69.2,
    "RSI_30이하": "",
    "RSI_30초과_35이하": "",
    "최근7일내_RSI30이하": "",
    "PER": 34.466343,
    "PER(예상)": 28.374628,
    "PBR": 19.675856,
    "ROE": 0.59939,
    "EPS": 10.25,
    "EPS(예상)": 12.45056
  },
  {
    "Ticker": "PNC",
    "RSI": 68.84,
    "RSI_30이하": "",
    "RSI_30초과_35이하": "",
    "최근7일내_RSI30이하": "",
    "PER": 14.044545,
    "PER(예상)": 12.195478,
    "PBR": 1.6034997,
    "ROE": 0.11486,
    "EPS": 15.49,
    "EPS(예상)": 17.83858
  },
  {
    "Ticker": "D",
    "RSI": 42.92,
    "RSI_30이하": "",
    "RSI_30초과_35이하": "",
    "최근7일내_RSI30이하": "",
    "PER": 18.947712,
    "PER(예상)": 16.08429,
    "PBR": 1.8544699,
    "ROE": 0.09204,
    "EPS": 3.06,
    "EPS(예상)": 3.60476
  },
  {
    "Ticker": "AEP",
    "RSI": 52.54,
    "RSI_30이하": "",
    "RSI_30초과_35이하": "",
    "최근7일내_RSI30이하": "",
    "PER": 17.11713,
    "PER(예상)": 18.506119,
    "PBR": 2.0586734,
    "ROE": 0.12923001,
    "EPS": 6.83,
    "EPS(예상)": 6.31737
  }
]